<?xml version="1.0" encoding="UTF-8"?>
<project-private xmlns="http://www.netbeans.org/ns/project-private/1">
    <editor-bookmarks xmlns="http://www.netbeans.org/ns/editor-bookmarks/2" lastBookmarkId="0"/>
    <open-files xmlns="http://www.netbeans.org/ns/projectui-open-files/2">
        <group>
            <file>file:/Users/ernestoamandio/Desktop/6º%20Semestre/Compiladores/Meu%20mini%20compilador/Analisador%20lexico/src/AnalisadorSintatico/Funcao.java</file>
            <file>file:/Users/ernestoamandio/Desktop/6º%20Semestre/Compiladores/Meu%20mini%20compilador/Analisador%20lexico/src/AnalisadorSintatico/TabelaSintatico.java</file>
            <file>file:/Users/ernestoamandio/Desktop/6º%20Semestre/Compiladores/Meu%20mini%20compilador/Analisador%20lexico/src/teste.txt</file>
            <file>file:/Users/ernestoamandio/Desktop/6º%20Semestre/Compiladores/Meu%20mini%20compilador/Analisador%20lexico/src/AnalisadorLexico/EnumTokens.java</file>
            <file>file:/Users/ernestoamandio/Desktop/6º%20Semestre/Compiladores/Meu%20mini%20compilador/Analisador%20lexico/src/AnalisadorSintatico/Sintatico.java</file>
            <file>file:/Users/ernestoamandio/Desktop/6º%20Semestre/Compiladores/Meu%20mini%20compilador/Analisador%20lexico/src/AnalisadorSintatico/Variavel.java</file>
            <file>file:/Users/ernestoamandio/Desktop/6º%20Semestre/Compiladores/Meu%20mini%20compilador/Analisador%20lexico/src/AnalisadorLexico/Main.java</file>
        </group>
    </open-files>
</project-private>
