<?xml version="1.0" encoding="UTF-8"?>
<project-private xmlns="http://www.netbeans.org/ns/project-private/1">
    <editor-bookmarks xmlns="http://www.netbeans.org/ns/editor-bookmarks/2" lastBookmarkId="0"/>
    <open-files xmlns="http://www.netbeans.org/ns/projectui-open-files/2">
        <group>
            <file>file:/C:/Users/Liriane%20Ferreira/OneDrive/Documentos/NetBeansProjects/AnalisadorLexicoP/src/analisador/AutomatoPonto.java</file>
            <file>file:/C:/Users/Liriane%20Ferreira/OneDrive/Documentos/NetBeansProjects/AnalisadorLexicoP/src/analisador/AnalisadorL.java</file>
            <file>file:/C:/Users/Liriane%20Ferreira/OneDrive/Documentos/NetBeansProjects/AnalisadorLexicoP/src/analisador/AnalisadorL1.java</file>
            <file>file:/C:/Users/Liriane%20Ferreira/OneDrive/Documentos/NetBeansProjects/AnalisadorLexicoP/src/analisador/AutomatoNumero.java</file>
            <file>file:/C:/Users/Liriane%20Ferreira/OneDrive/Documentos/NetBeansProjects/AnalisadorLexicoP/src/analisador/AtomatoOperador.java</file>
        </group>
    </open-files>
</project-private>
